Date,open,high,low,close,volume
2016-01-04 08:00:00,8385.0,8385.0,8200.83,8217.91,21431368
2016-01-04 10:00:00,8217.95,8232.14,7937.49,7955.79,42869236
2016-01-04 12:00:00,7955.79,7955.79,7702.96,7705.72,14497540
2016-01-04 14:00:00,7705.72,7705.72,7705.72,7705.72,0
2016-01-05 08:00:00,7375.71,7748.63,7372.74,7692.24,29706884
2016-01-05 10:00:00,7692.41,7730.99,7574.22,7684.61,27944608
2016-01-05 12:00:00,7685.54,7695.51,7466.42,7513.55,23428348
2016-01-05 14:00:00,7517.0,7611.54,7338.43,7604.33,32404280
2016-01-06 08:00:00,7641.97,7706.09,7641.97,7696.86,20150704
2016-01-06 10:00:00,7696.85,7696.85,7557.88,7622.12,31143080
2016-01-06 12:00:00,7621.87,7706.38,7591.4,7666.11,17891776
2016-01-06 14:00:00,7665.64,7750.89,7665.63,7746.85,24423712
2016-01-07 08:00:00,7598.76,7598.76,7119.64,7119.64,24031132
2016-01-07 10:00:00,7120.69,7120.69,7104.36,7104.36,1943156
2016-01-07 12:00:00,7104.36,7104.36,7104.36,7104.36,0
2016-01-07 14:00:00,7104.36,7104.36,7104.36,7104.36,0
2016-01-08 08:00:00,7263.66,7351.09,6863.27,7160.63,40107528
2016-01-08 10:00:00,7163.32,7261.92,7133.95,7252.64,28277416
2016-01-08 12:00:00,7261.45,7359.89,7255.74,7280.36,17823688
2016-01-08 14:00:00,7280.29,7281.62,7193.58,7200.3,20268584
2016-01-11 08:00:00,7039.2,7106.88,6964.52,7084.63,19877048
2016-01-11 10:00:00,7084.37,7138.67,6895.49,6979.08,32324692
2016-01-11 12:00:00,6979.76,6999.13,6864.22,6946.94,17593364
2016-01-11 14:00:00,6947.24,6968.94,6735.0,6745.32,25330032
2016-01-12 08:00:00,6775.65,6855.63,6688.85,6798.04,21568276
2016-01-12 10:00:00,6799.1,6826.06,6670.6,6819.63,27057680
2016-01-12 12:00:00,6821.93,6902.34,6814.29,6855.34,16241412
2016-01-12 14:00:00,6854.07,6869.21,6785.35,6810.44,17805768
2016-01-13 08:00:00,6862.69,6890.3,6825.9,6886.24,16574865
2016-01-13 10:00:00,6886.84,6903.18,6769.14,6799.61,25124411
2016-01-13 12:00:00,6799.61,6820.1,6720.4,6787.63,13522648
2016-01-13 14:00:00,6787.63,6801.84,6602.31,6602.31,24114028
2016-01-14 08:00:00,6416.24,6577.06,6406.67,6577.06,19167912
2016-01-14 10:00:00,6579.2,6627.49,6531.73,6616.21,22895232
2016-01-14 12:00:00,6616.21,6776.78,6616.21,6760.13,20621616
2016-01-14 14:00:00,6759.8,6848.8,6747.68,6839.58,24077384
2016-01-15 08:00:00,6794.18,6837.65,6768.0,6837.65,16783262
2016-01-15 10:00:00,6839.19,6845.1,6752.53,6769.66,24909570
2016-01-15 12:00:00,6769.09,6769.09,6630.36,6723.25,18821088
2016-01-15 14:00:00,6724.06,6732.33,6593.38,6627.95,22351600
2016-01-18 08:00:00,6511.12,6693.17,6511.12,6651.27,15202334
2016-01-18 10:00:00,6651.58,6708.66,6608.01,6695.23,20430646
2016-01-18 12:00:00,6695.23,6803.16,6695.23,6764.03,19364308
2016-01-18 14:00:00,6762.99,6815.08,6723.02,6741.68,18557632
2016-01-19 08:00:00,6724.48,6785.69,6715.87,6773.09,15971775
2016-01-19 10:00:00,6773.11,6828.56,6713.05,6827.36,24377525
2016-01-19 12:00:00,6827.36,6930.66,6827.36,6910.0,25006532
2016-01-19 14:00:00,6909.75,6987.58,6901.66,6971.63,24868112
2016-01-20 08:00:00,6927.48,6992.54,6913.86,6989.45,21620220
2016-01-20 10:00:00,6989.82,7011.48,6867.21,6874.76,35893636
2016-01-20 12:00:00,6875.16,6921.41,6838.72,6902.49,16040632
2016-01-20 14:00:00,6902.12,6923.45,6847.67,6876.36,17151632
2016-01-21 08:00:00,6771.52,6848.37,6762.01,6842.64,17345360
2016-01-21 10:00:00,6841.85,6954.2,6813.21,6939.25,24206224
2016-01-21 12:00:00,6938.33,6938.59,6774.96,6774.96,17990964
2016-01-21 14:00:00,6774.55,6827.8,6632.85,6632.85,25674508
2016-01-22 08:00:00,6711.82,6744.64,6613.43,6636.71,16917324
2016-01-22 10:00:00,6636.59,6690.49,6518.71,6573.87,23138600
2016-01-22 12:00:00,6573.87,6705.05,6573.87,6695.58,12688776
2016-01-22 14:00:00,6695.8,6743.37,6667.15,6700.96,18495028
2016-01-25 08:00:00,6761.9,6783.12,6730.58,6780.56,15512387
2016-01-25 10:00:00,6780.33,6831.96,6760.57,6806.1,21443949
2016-01-25 12:00:00,6806.7,6812.26,6743.39,6750.13,11147212
2016-01-25 14:00:00,6750.15,6761.02,6703.42,6761.02,16239576
2016-01-26 08:00:00,6684.95,6694.98,6630.33,6656.11,15449765
2016-01-26 10:00:00,6656.3,6694.64,6601.14,6601.14,20124847
2016-01-26 12:00:00,6601.37,6601.37,6485.78,6521.15,19003504
2016-01-26 14:00:00,6522.27,6544.57,6288.35,6304.52,29188492
2016-01-27 08:00:00,6341.43,6356.62,6163.84,6171.52,18312184
2016-01-27 10:00:00,6169.28,6217.63,6043.98,6044.1,27396692
2016-01-27 12:00:00,6044.1,6148.43,5973.12,6130.78,18186748
2016-01-27 14:00:00,6130.7,6296.64,6060.82,6256.08,20948280
2016-01-28 08:00:00,6186.55,6252.52,6158.83,6252.27,13471748
2016-01-28 10:00:00,6252.11,6268.63,6182.26,6228.08,18366860
2016-01-28 12:00:00,6228.08,6228.08,6110.69,6137.09,12027344
2016-01-28 14:00:00,6137.0,6217.52,6022.91,6048.73,21083808
2016-01-29 08:00:00,6045.34,6106.88,6026.88,6081.94,12785127
2016-01-29 10:00:00,6081.94,6229.68,6074.29,6179.19,23938993
2016-01-29 12:00:00,6179.19,6274.69,6179.19,6256.88,14173184
2016-01-29 14:00:00,6256.76,6322.85,6240.5,6272.91,18689624
2016-02-01 08:00:00,6241.61,6284.51,6220.62,6253.43,13530813
2016-02-01 10:00:00,6252.35,6302.62,6200.68,6204.98,21051903
2016-02-01 12:00:00,6203.39,6257.31,6194.14,6208.95,8095980
2016-02-01 14:00:00,6208.34,6210.45,6122.94,6201.99,15695928
2016-02-02 08:00:00,6207.9,6329.49,6207.9,6327.11,11308391
2016-02-02 10:00:00,6327.11,6416.14,6319.01,6403.7,28051689
2016-02-02 12:00:00,6403.7,6413.45,6374.58,6396.46,11996612
2016-02-02 14:00:00,6395.87,6395.87,6356.73,6391.59,15842908
2016-02-03 08:00:00,6323.5,6342.64,6282.78,6298.42,15839410
2016-02-03 10:00:00,6298.42,6365.79,6293.59,6346.93,18047782
2016-02-03 12:00:00,6346.73,6347.99,6280.55,6312.87,9453092
2016-02-03 14:00:00,6314.63,6426.58,6312.47,6398.15,17921132
2016-02-04 08:00:00,6409.98,6506.88,6409.98,6506.88,15594207
2016-02-04 10:00:00,6507.3,6520.72,6461.98,6463.08,25842641
2016-02-04 12:00:00,6463.08,6500.45,6445.64,6464.01,11222152
2016-02-04 14:00:00,6463.58,6521.02,6461.09,6485.28,16868360
2016-02-05 08:00:00,6478.08,6496.31,6449.28,6464.0,13841334
2016-02-05 10:00:00,6463.31,6478.61,6417.9,6445.39,20444378
2016-02-05 12:00:00,6445.05,6471.35,6427.93,6454.7,7590164
2016-02-05 14:00:00,6454.63,6455.93,6398.89,6399.22,16153836
2016-02-15 08:00:00,6206.24,6285.31,6205.25,6280.5,15474333
2016-02-15 10:00:00,6280.51,6364.61,6258.8,6332.2,15880521
2016-02-15 12:00:00,6332.05,6407.9,6332.05,6377.0,9155678
2016-02-15 14:00:00,6377.06,6432.6,6364.28,6400.88,13149572
2016-02-16 08:00:00,6437.86,6532.92,6437.86,6528.58,16831840
2016-02-16 10:00:00,6528.96,6625.28,6528.96,6625.14,28167208
2016-02-16 12:00:00,6627.93,6651.35,6609.94,6629.51,15180848
2016-02-16 14:00:00,6628.91,6663.55,6619.55,6643.88,18056928
2016-02-17 08:00:00,6642.55,6708.56,6642.55,6685.39,21044724
2016-02-17 10:00:00,6684.5,6696.99,6624.32,6624.35,31884320
2016-02-17 12:00:00,6621.81,6690.56,6613.3,6690.06,13198936
2016-02-17 14:00:00,6690.74,6737.83,6670.78,6726.86,22697500
2016-02-18 08:00:00,6779.15,6793.32,6741.26,6773.9,22293564
2016-02-18 10:00:00,6772.98,6775.94,6692.66,6746.29,30912312
2016-02-18 12:00:00,6746.29,6752.45,6702.98,6727.56,13952876
2016-02-18 14:00:00,6727.56,6760.63,6675.24,6687.27,22174608
2016-02-19 08:00:00,6668.46,6715.91,6661.77,6693.11,16654826
2016-02-19 10:00:00,6693.88,6730.15,6653.17,6682.91,25024602
2016-02-19 12:00:00,6683.08,6759.72,6679.34,6746.39,13599456
2016-02-19 14:00:00,6745.82,6745.82,6672.19,6714.98,19877092
2016-02-22 08:00:00,6801.0,6815.76,6754.18,6774.55,20070860
2016-02-22 10:00:00,6774.51,6830.09,6747.91,6818.29,31123944
2016-02-22 12:00:00,6818.21,6834.34,6794.01,6803.9,16400428
2016-02-22 14:00:00,6803.9,6846.35,6786.05,6843.93,22104048
2016-02-23 08:00:00,6845.28,6861.78,6823.58,6827.62,20602942
2016-02-23 10:00:00,6827.61,6852.65,6768.76,6773.72,31106334
2016-02-23 12:00:00,6773.72,6803.08,6738.15,6742.42,14475732
2016-02-23 14:00:00,6742.76,6798.58,6712.52,6798.58,23019904
2016-02-24 08:00:00,6772.28,6837.21,6763.65,6832.59,18792804
2016-02-24 10:00:00,6832.83,6833.05,6715.79,6728.75,29520420
2016-02-24 12:00:00,6728.87,6728.87,6648.41,6681.42,17855368
2016-02-24 14:00:00,6681.23,6784.1,6670.62,6784.1,22802568
2016-02-25 08:00:00,6771.24,6771.24,6693.29,6704.42,19879178
2016-02-25 10:00:00,6704.36,6710.19,6478.24,6478.24,36224738
2016-02-25 12:00:00,6478.24,6512.17,6409.23,6477.86,21232092
2016-02-25 14:00:00,6477.47,6481.03,6257.34,6284.62,28975720
2016-02-26 08:00:00,6340.19,6376.01,6269.19,6338.61,21301696
2016-02-26 10:00:00,6338.61,6369.52,6284.16,6307.67,23779112
2016-02-26 12:00:00,6307.67,6313.9,6186.74,6269.41,17206468
2016-02-26 14:00:00,6269.69,6356.28,6265.2,6304.22,18952076
2016-02-29 08:00:00,6276.51,6276.51,5948.85,5950.84,26522644
2016-02-29 10:00:00,5950.07,6103.83,5945.35,6046.39,24391872
2016-02-29 12:00:00,6046.39,6046.39,5943.12,6000.32,13362636
2016-02-29 14:00:00,6000.08,6009.94,5928.19,5998.28,16232072
2016-03-01 08:00:00,5999.78,6054.73,5967.07,6051.43,16896456
2016-03-01 10:00:00,6052.44,6072.52,5984.79,6003.68,23431096
2016-03-01 12:00:00,6004.69,6105.73,5929.62,6105.05,17256308
2016-03-01 14:00:00,6106.73,6185.51,6085.85,6138.75,24339156
2016-03-02 08:00:00,6136.48,6206.72,6136.48,6199.97,19104168
2016-03-02 10:00:00,6198.63,6270.21,6172.65,6270.21,31446296
2016-03-02 12:00:00,6271.07,6394.78,6271.07,6387.23,23868248
2016-03-02 14:00:00,6386.9,6410.74,6348.24,6399.49,24339624
2016-03-03 08:00:00,6404.81,6474.39,6390.17,6474.35,25564024
2016-03-03 10:00:00,6474.96,6524.42,6426.61,6453.54,38523236
2016-03-03 12:00:00,6454.85,6516.33,6454.85,6492.68,16860740
2016-03-03 14:00:00,6492.27,6492.27,6402.52,6404.89,24792832
2016-03-04 08:00:00,6378.82,6427.03,6367.89,6384.46,24407243
2016-03-04 10:00:00,6383.38,6428.9,6280.22,6298.22,46169014
2016-03-04 12:00:00,6298.45,6345.69,6211.59,6345.69,29572416
2016-03-04 14:00:00,6347.13,6355.81,6239.85,6261.24,21544432
2016-03-07 08:00:00,6320.44,6415.97,6320.44,6397.35,19364452
2016-03-07 10:00:00,6397.05,6433.51,6355.75,6389.17,25811296
2016-03-07 12:00:00,6389.17,6394.37,6321.0,6339.01,11316904
2016-03-07 14:00:00,6339.29,6359.55,6305.95,6350.92,18045916
2016-03-08 08:00:00,6339.85,6339.85,6113.93,6158.13,22674436
2016-03-08 10:00:00,6158.79,6286.53,6115.3,6286.53,26103484
2016-03-08 12:00:00,6286.53,6340.17,6254.34,6339.43,16285108
2016-03-08 14:00:00,6338.74,6362.03,6303.46,6358.05,21892948
2016-03-09 08:00:00,6226.02,6311.67,6188.68,6311.64,18249092
2016-03-09 10:00:00,6311.59,6344.23,6221.82,6238.5,25432948
2016-03-09 12:00:00,6238.5,6306.63,6238.5,6274.79,8962520
2016-03-09 14:00:00,6274.79,6290.79,6227.31,6245.75,16716880
2016-03-10 08:00:00,6251.85,6301.14,6231.79,6233.33,12407305
2016-03-10 10:00:00,6233.13,6246.57,6190.58,6204.9,17661275
2016-03-10 12:00:00,6205.27,6287.55,6205.27,6259.04,10731800
2016-03-10 14:00:00,6259.04,6261.23,6159.2,6159.34,18293620
2016-03-11 08:00:00,6090.08,6133.87,6070.17,6129.04,11677812
2016-03-11 10:00:00,6127.33,6140.57,6072.16,6139.0,15745900
2016-03-11 12:00:00,6138.96,6188.97,6135.67,6154.46,9880168
2016-03-11 14:00:00,6155.69,6159.23,6102.48,6140.84,13952004
2016-03-14 08:00:00,6208.32,6311.26,6208.32,6298.85,17315314
2016-03-14 10:00:00,6299.57,6393.95,6290.66,6377.66,31580346
2016-03-14 12:00:00,6377.66,6405.98,6370.54,6380.29,15621840
2016-03-14 14:00:00,6379.89,6385.95,6328.82,6335.97,20542660
2016-03-15 08:00:00,6320.79,6352.27,6310.64,6312.59,17438218
2016-03-15 10:00:00,6312.51,6348.23,6269.48,6269.48,26617166
2016-03-15 12:00:00,6269.38,6292.36,6249.58,6283.36,11063444
2016-03-15 14:00:00,6283.27,6318.42,6259.55,6272.21,16238372
2016-03-16 08:00:00,6307.85,6329.93,6288.44,6302.53,13426611
2016-03-16 10:00:00,6302.92,6303.9,6174.65,6176.2,23951037
2016-03-16 12:00:00,6176.2,6267.33,6163.99,6238.7,12313944
2016-03-16 14:00:00,6239.24,6249.51,6198.58,6199.73,13310320
2016-03-17 08:00:00,6230.2,6304.97,6230.2,6286.08,13769724
2016-03-17 10:00:00,6285.77,6324.98,6233.07,6324.26,24089692
2016-03-17 12:00:00,6324.03,6421.08,6324.03,6420.86,30658640
2016-03-17 14:00:00,6420.91,6435.32,6383.17,6410.23,26691680
2016-03-18 08:00:00,6442.76,6510.25,6438.1,6510.25,25541060
2016-03-18 10:00:00,6510.37,6641.87,6505.17,6640.42,48147996
2016-03-18 12:00:00,6643.18,6678.27,6624.18,6657.44,27056064
2016-03-18 14:00:00,6658.06,6658.06,6603.53,6632.21,28683800
2016-03-21 08:00:00,6721.84,6764.26,6713.35,6752.13,34933620
2016-03-21 10:00:00,6753.36,6797.92,6720.48,6757.48,45741476
2016-03-21 12:00:00,6757.5,6782.41,6734.83,6734.83,21474136
2016-03-21 14:00:00,6735.34,6801.93,6725.47,6801.93,30940080
2016-03-22 08:00:00,6768.33,6817.93,6731.13,6806.59,30886008
2016-03-22 10:00:00,6807.42,6870.07,6807.42,6810.92,40825896
2016-03-22 12:00:00,6810.9,6868.72,6803.61,6867.65,19979328
2016-03-22 14:00:00,6867.52,6867.52,6800.73,6812.11,28865288
2016-03-23 08:00:00,6801.88,6869.67,6801.88,6816.71,23813210
2016-03-23 10:00:00,6816.99,6848.54,6789.92,6796.09,34882190
2016-03-23 12:00:00,6796.12,6796.51,6764.34,6783.92,17184376
2016-03-23 14:00:00,6782.82,6886.73,6766.08,6886.69,30914936
2016-03-24 08:00:00,6825.69,6853.98,6772.88,6853.91,26473534
2016-03-24 10:00:00,6853.75,6893.46,6806.5,6842.95,38383242
2016-03-24 12:00:00,6842.27,6906.34,6837.31,6882.46,18600736
2016-03-24 14:00:00,6883.18,6890.94,6777.17,6777.17,31638976
2016-03-25 08:00:00,6763.03,6827.6,6763.03,6813.26,21269608
2016-03-25 10:00:00,6812.4,6843.02,6752.58,6792.35,30521400
2016-03-25 12:00:00,6792.35,6817.57,6762.63,6771.34,14371112
2016-03-25 14:00:00,6771.7,6814.72,6743.84,6812.94,23650784
2016-03-28 08:00:00,6851.09,6900.55,6851.09,6879.54,25408160
2016-03-28 10:00:00,6879.63,6908.59,6859.74,6866.1,32719424
2016-03-28 12:00:00,6866.52,6869.7,6820.81,6839.89,17543032
2016-03-28 14:00:00,6839.59,6839.86,6731.59,6750.74,28558872
2016-03-29 08:00:00,6741.86,6756.11,6656.2,6689.88,20678848
2016-03-29 10:00:00,6690.85,6747.75,6627.84,6629.5,28163524
2016-03-29 12:00:00,6629.32,6682.72,6585.5,6682.72,18814956
2016-03-29 14:00:00,6683.19,6690.05,6593.54,6638.84,23599088
2016-03-30 08:00:00,6703.49,6756.23,6703.49,6752.46,20178272
2016-03-30 10:00:00,6753.27,6771.06,6714.69,6741.87,27459696
2016-03-30 12:00:00,6742.55,6804.98,6742.55,6781.56,19611616
2016-03-30 14:00:00,6782.46,6875.81,6781.54,6875.81,34818504
2016-03-31 08:00:00,6897.98,6912.71,6874.89,6905.08,26367080
2016-03-31 10:00:00,6905.08,6906.1,6844.1,6893.25,36915676
2016-03-31 12:00:00,6893.25,6923.55,6864.22,6881.4,21719444
2016-03-31 14:00:00,6881.56,6897.28,6844.17,6864.14,24905032
2016-04-01 08:00:00,6837.75,6861.2,6793.66,6810.35,21839384
2016-04-01 10:00:00,6812.05,6822.72,6721.73,6721.73,33742112
2016-04-01 12:00:00,6721.96,6766.29,6709.26,6754.44,14657840
2016-04-01 14:00:00,6755.73,6808.52,6733.07,6798.47,22873960
2016-04-05 08:00:00,6810.51,6844.85,6800.4,6819.02,19064126
2016-04-05 10:00:00,6818.67,6928.25,6817.09,6928.25,34638466
2016-04-05 12:00:00,6928.25,6991.19,6928.25,6968.2,28560424
2016-04-05 14:00:00,6968.2,6984.3,6949.57,6975.49,29169760
2016-04-06 08:00:00,6951.42,7004.28,6937.74,6999.61,25314788
2016-04-06 10:00:00,6999.6,7020.02,6969.22,7004.18,37520924
2016-04-06 12:00:00,7004.35,7012.41,6934.14,6963.79,22591168
2016-04-06 14:00:00,6963.67,7015.04,6955.8,7012.32,26448688
2016-04-07 08:00:00,7033.29,7048.02,6970.06,6970.06,23151424
2016-04-07 10:00:00,6970.06,6987.22,6900.35,6959.78,41088052
2016-04-07 12:00:00,6959.9,6988.68,6916.26,6987.46,19617996
2016-04-07 14:00:00,6987.46,6989.35,6873.28,6875.13,28733480
2016-04-08 08:00:00,6825.66,6838.16,6795.61,6814.48,21888150
2016-04-08 10:00:00,6814.26,6860.24,6784.99,6824.71,31596830
2016-04-08 12:00:00,6824.26,6860.39,6810.36,6821.13,14353444
2016-04-08 14:00:00,6820.66,6830.38,6748.84,6830.38,27525136
2016-04-11 08:00:00,6901.33,6958.03,6901.33,6950.75,24151096
2016-04-11 10:00:00,6950.83,6980.45,6935.31,6954.68,35175992
2016-04-11 12:00:00,6954.91,6981.89,6953.93,6968.34,18295560
2016-04-11 14:00:00,6968.18,6977.86,6935.43,6943.45,24440536
2016-04-12 08:00:00,6947.04,6957.33,6893.15,6907.3,22159788
2016-04-12 10:00:00,6907.79,6920.41,6842.06,6858.27,33834840
2016-04-12 12:00:00,6858.66,6889.82,6849.41,6873.49,13433756
2016-04-12 14:00:00,6873.07,6893.13,6824.05,6893.13,24673448
2016-04-13 08:00:00,6932.95,6998.28,6932.95,6988.72,22744800
2016-04-13 10:00:00,6988.72,7037.54,6988.72,7032.26,43600376
2016-04-13 12:00:00,7032.26,7060.89,7032.26,7054.04,25000128
2016-04-13 14:00:00,7054.04,7054.37,6984.64,6985.26,30600072
2016-04-14 08:00:00,7024.74,7041.55,6997.91,7011.59,22981872
2016-04-14 10:00:00,7011.59,7027.38,6991.1,7001.42,30566984
2016-04-14 12:00:00,7001.42,7007.71,6968.14,6998.5,15525856
2016-04-14 14:00:00,6998.62,7041.63,6996.35,7040.49,26846888
2016-04-15 08:00:00,7039.33,7044.28,7003.48,7003.48,19451752
2016-04-15 10:00:00,7003.0,7019.63,6984.42,7004.79,30774312
2016-04-15 12:00:00,7004.95,7031.42,6989.34,7025.61,15083264
2016-04-15 14:00:00,7025.01,7025.1,6978.79,7010.65,25738976
2016-04-18 08:00:00,6960.64,6960.64,6891.52,6897.62,21515788
2016-04-18 10:00:00,6897.71,6897.71,6865.26,6883.46,27607436
2016-04-18 12:00:00,6883.34,6884.4,6845.45,6862.08,15784404
2016-04-18 14:00:00,6861.98,6907.49,6861.98,6878.73,22099580
2016-04-19 08:00:00,6899.99,6919.78,6889.38,6900.88,17013166
2016-04-19 10:00:00,6901.18,6901.21,6846.95,6882.08,27289998
2016-04-19 12:00:00,6882.01,6897.44,6859.55,6867.97,12929460
2016-04-19 14:00:00,6867.67,6906.41,6849.93,6893.24,21969496
2016-04-20 08:00:00,6901.14,6910.45,6861.49,6865.48,17229066
2016-04-20 10:00:00,6866.05,6886.54,6673.87,6673.87,46073502
2016-04-20 12:00:00,6674.25,6674.25,6517.73,6571.25,36052832
2016-04-20 14:00:00,6570.05,6658.11,6546.99,6621.7,27874768
2016-04-21 08:00:00,6581.15,6635.84,6565.95,6609.23,20934896
2016-04-21 10:00:00,6609.06,6661.73,6592.79,6655.65,27280056
2016-04-21 12:00:00,6657.79,6662.94,6598.7,6662.37,16579336
2016-04-21 14:00:00,6660.39,6662.97,6547.47,6554.47,26426536
2016-04-22 08:00:00,6516.59,6597.11,6501.63,6574.2,18035082
2016-04-22 10:00:00,6573.63,6599.4,6526.53,6547.31,25246278
2016-04-22 12:00:00,6547.4,6584.78,6547.4,6570.04,12271060
2016-04-22 14:00:00,6569.0,6614.49,6561.12,6610.7,21012492
2016-04-25 08:00:00,6603.34,6603.34,6540.32,6561.42,17292992
2016-04-25 10:00:00,6561.42,6583.79,6521.73,6574.42,24562808
2016-04-25 12:00:00,6574.58,6615.78,6568.04,6615.78,10907876
2016-04-25 14:00:00,6616.28,6617.33,6584.05,6595.64,15533988
2016-04-26 08:00:00,6591.68,6647.92,6591.68,6647.92,14743323
2016-04-26 10:00:00,6647.92,6648.83,6580.84,6583.76,22237409
2016-04-26 12:00:00,6583.76,6611.3,6577.56,6583.81,11121092
2016-04-26 14:00:00,6583.62,6656.76,6583.13,6656.76,20802832
2016-04-27 08:00:00,6664.5,6670.35,6642.49,6648.28,15835304
2016-04-27 10:00:00,6648.36,6691.49,6648.3,6665.55,26819576
2016-04-27 12:00:00,6666.25,6676.56,6656.4,6661.27,12274512
2016-04-27 14:00:00,6659.82,6660.61,6618.84,6625.58,21379488
2016-04-28 08:00:00,6631.92,6644.3,6591.9,6627.62,17294642
2016-04-28 10:00:00,6627.39,6632.85,6553.54,6571.18,25912474
2016-04-28 12:00:00,6571.79,6571.79,6515.25,6527.75,15667100
2016-04-28 14:00:00,6528.65,6619.68,6527.25,6611.59,20331880
2016-04-29 08:00:00,6594.61,6633.53,6587.22,6621.98,13670063
2016-04-29 10:00:00,6621.83,6652.57,6606.56,6616.18,22437489
2016-04-29 12:00:00,6616.26,6653.19,6612.13,6643.37,10666864
2016-04-29 14:00:00,6643.37,6650.16,6615.7,6616.83,18555080
2016-05-03 08:00:00,6621.95,6645.25,6593.44,6645.25,13921256
2016-05-03 10:00:00,6647.16,6778.84,6646.69,6776.04,34222360
2016-05-03 12:00:00,6777.38,6794.92,6768.78,6770.92,17610128
2016-05-03 14:00:00,6772.33,6812.15,6767.13,6812.15,23781696
2016-05-04 08:00:00,6784.29,6840.96,6776.0,6839.01,19554192
2016-05-04 10:00:00,6837.75,6840.58,6787.17,6807.69,32720748
2016-05-04 12:00:00,6807.69,6849.72,6804.21,6849.18,15426516
2016-05-04 14:00:00,6849.6,6854.62,6793.5,6804.8,25556872
2016-05-05 08:00:00,6791.2,6819.83,6784.77,6814.8,14847402
2016-05-05 10:00:00,6814.72,6814.8,6763.79,6782.31,27398722
2016-05-05 12:00:00,6782.15,6816.51,6779.67,6807.66,13747480
2016-05-05 14:00:00,6808.33,6831.77,6791.07,6825.51,23852468
2016-05-06 08:00:00,6832.85,6843.97,6806.13,6806.38,20794916
2016-05-06 10:00:00,6806.38,6817.35,6636.44,6640.32,47040612
2016-05-06 12:00:00,6640.32,6664.51,6600.33,6622.83,20458056
2016-05-06 14:00:00,6623.08,6661.09,6563.62,6563.62,27885016
2016-05-09 08:00:00,6513.66,6513.66,6417.38,6452.8,23065164
2016-05-09 10:00:00,6451.76,6480.0,6427.04,6427.31,25850543
2016-05-09 12:00:00,6427.75,6428.88,6368.85,6412.88,16242387
2016-05-09 14:00:00,6412.26,6446.15,6364.54,6390.9,23597230
2016-05-10 08:00:00,6376.81,6425.61,6376.81,6409.55,13997226
2016-05-10 10:00:00,6409.06,6421.68,6360.38,6420.78,19817502
2016-05-10 12:00:00,6422.53,6427.26,6391.59,6391.83,10377608
2016-05-10 14:00:00,6391.66,6426.97,6373.19,6400.16,18373136
2016-05-11 08:00:00,6440.63,6454.87,6417.78,6436.63,13228284
2016-05-11 10:00:00,6437.0,6468.93,6367.59,6468.37,27401564
2016-05-11 12:00:00,6471.12,6475.84,6428.99,6443.27,12221672
2016-05-11 14:00:00,6443.18,6462.08,6390.86,6390.86,19015888
2016-05-12 08:00:00,6317.51,6317.51,6250.38,6293.24,19991432
2016-05-12 10:00:00,6298.31,6410.93,6297.88,6410.93,22766224
2016-05-12 12:00:00,6410.69,6426.98,6382.61,6405.17,11205724
2016-05-12 14:00:00,6405.46,6430.73,6382.28,6426.77,17602916
2016-05-13 08:00:00,6414.1,6483.12,6400.63,6475.58,14500953
2016-05-13 10:00:00,6474.24,6474.72,6412.14,6431.93,21697607
2016-05-13 12:00:00,6434.0,6435.75,6396.67,6405.14,10525372
2016-05-13 14:00:00,6404.66,6421.44,6365.8,6398.49,17616312
2016-05-16 08:00:00,6380.51,6419.71,6364.56,6375.38,13696936
2016-05-16 10:00:00,6375.91,6467.22,6373.94,6461.78,22440728
2016-05-16 12:00:00,6463.9,6479.26,6435.61,6475.38,14365732
2016-05-16 14:00:00,6476.0,6512.53,6448.62,6512.53,20251612
2016-05-17 08:00:00,6518.91,6529.13,6498.61,6512.51,17481204
2016-05-17 10:00:00,6511.99,6512.13,6462.4,6488.8,27424828
2016-05-17 12:00:00,6489.44,6537.45,6470.38,6527.13,14129464
2016-05-17 14:00:00,6528.01,6575.13,6505.02,6505.02,24048664
2016-05-18 08:00:00,6451.39,6451.72,6400.44,6427.65,18550180
2016-05-18 10:00:00,6427.52,6428.7,6340.56,6355.93,27839548
2016-05-18 12:00:00,6353.98,6392.38,6339.09,6360.32,11688304
2016-05-18 14:00:00,6359.83,6372.61,6298.19,6366.7,22774128
2016-05-19 08:00:00,6357.91,6409.9,6357.91,6397.07,14048817
2016-05-19 10:00:00,6397.44,6468.51,6397.42,6424.31,26956599
2016-05-19 12:00:00,6423.23,6445.78,6399.17,6400.22,12496072
2016-05-19 14:00:00,6399.8,6409.0,6372.63,6379.46,18771936
2016-05-20 08:00:00,6325.85,6381.07,6300.36,6375.08,14752029
2016-05-20 10:00:00,6374.96,6422.16,6373.25,6393.98,22773099
2016-05-20 12:00:00,6398.63,6403.26,6349.4,6379.85,12271148
2016-05-20 14:00:00,6379.65,6433.56,6379.65,6433.56,20993900
2016-05-23 08:00:00,6451.36,6499.99,6451.31,6491.25,20370694
2016-05-23 10:00:00,6491.27,6506.66,6459.82,6473.54,27245926
2016-05-23 12:00:00,6473.7,6482.11,6457.72,6458.28,12456052
2016-05-23 14:00:00,6458.35,6492.41,6447.81,6484.9,20041064
2016-05-24 08:00:00,6477.22,6477.22,6434.97,6451.17,18083552
2016-05-24 10:00:00,6451.08,6457.74,6405.18,6439.78,26264216
2016-05-24 12:00:00,6439.75,6441.48,6408.52,6413.82,10231072
2016-05-24 14:00:00,6413.53,6439.66,6389.56,6420.26,18632336
2016-05-25 08:00:00,6466.44,6496.88,6461.54,6490.48,17974992
2016-05-25 10:00:00,6490.51,6494.92,6447.15,6447.77,22117116
2016-05-25 12:00:00,6449.35,6450.79,6400.73,6400.73,13488100
2016-05-25 14:00:00,6400.11,6432.86,6386.7,6403.62,17505080
2016-05-26 08:00:00,6393.11,6428.49,6353.31,6354.71,15582141
2016-05-26 10:00:00,6353.16,6353.16,6279.87,6298.42,27254575
2016-05-26 12:00:00,6299.06,6331.21,6291.98,6331.21,9108632
2016-05-26 14:00:00,6332.76,6426.31,6332.3,6426.31,25310364
2016-05-27 08:00:00,6410.7,6431.46,6395.67,6429.51,14921360
2016-05-27 10:00:00,6428.36,6444.0,6403.79,6408.0,22744584
2016-05-27 12:00:00,6407.77,6439.49,6394.11,6425.09,11857360
2016-05-27 14:00:00,6424.77,6456.07,6416.9,6420.72,20956880
2016-05-30 08:00:00,6385.62,6386.14,6329.82,6359.84,15705302
2016-05-30 10:00:00,6359.83,6439.67,6359.83,6425.01,18586082
2016-05-30 12:00:00,6425.42,6428.2,6399.08,6403.75,9198440
2016-05-30 14:00:00,6404.17,6430.21,6380.7,6383.64,16968360
2016-05-31 08:00:00,6405.83,6546.5,6405.83,6539.47,19676532
2016-05-31 10:00:00,6539.69,6582.64,6529.5,6579.22,37848912
2016-05-31 12:00:00,6579.12,6620.18,6579.12,6619.38,23150428
2016-05-31 14:00:00,6619.19,6656.33,6616.94,6653.51,31292944
2016-06-01 08:00:00,6680.11,6728.82,6679.33,6712.23,28016388
2016-06-01 10:00:00,6711.97,6747.37,6693.27,6710.62,44031308
2016-06-01 12:00:00,6711.23,6733.06,6686.4,6697.37,22878504
2016-06-01 14:00:00,6697.62,6729.92,6692.54,6693.93,28630256
2016-06-02 08:00:00,6683.96,6720.94,6682.49,6714.54,23585466
2016-06-02 10:00:00,6714.18,6727.08,6669.27,6674.61,38122410
2016-06-02 12:00:00,6674.63,6713.91,6674.63,6699.08,17405780
2016-06-02 14:00:00,6699.43,6734.03,6682.41,6734.03,30523888
2016-06-03 08:00:00,6750.46,6772.08,6730.2,6735.53,24814558
2016-06-03 10:00:00,6736.28,6783.15,6736.28,6771.12,36594170
2016-06-03 12:00:00,6773.23,6816.47,6769.98,6811.07,20755024
2016-06-03 14:00:00,6812.23,6847.03,6802.3,6802.3,34415256
2016-06-06 08:00:00,6839.95,6856.88,6819.91,6825.08,24105240
2016-06-06 10:00:00,6825.13,6843.11,6807.94,6833.48,30838216
2016-06-06 12:00:00,6832.18,6833.33,6797.1,6814.69,17986272
2016-06-06 14:00:00,6813.78,6846.25,6788.15,6839.81,26084080
2016-06-07 08:00:00,6832.08,6835.36,6779.73,6786.19,21888108
2016-06-07 10:00:00,6787.07,6822.91,6787.07,6814.66,32063020
2016-06-07 12:00:00,6814.75,6832.97,6809.66,6823.62,16054584
2016-06-07 14:00:00,6823.2,6828.31,6798.86,6820.27,25716840
2016-06-08 08:00:00,6810.05,6810.05,6755.48,6756.82,22152098
2016-06-08 10:00:00,6756.55,6797.15,6740.02,6792.32,32520506
2016-06-08 12:00:00,6792.44,6831.8,6787.48,6825.46,17590700
2016-06-08 14:00:00,6825.54,6850.91,6807.7,6809.42,28852856
2016-06-13 08:00:00,6730.38,6747.77,6699.6,6747.77,22588978
2016-06-13 10:00:00,6748.58,6774.95,6740.61,6748.13,28242902
2016-06-13 12:00:00,6748.41,6748.41,6669.43,6669.99,20250720
2016-06-13 14:00:00,6667.8,6680.04,6495.61,6495.61,39661376
2016-06-14 08:00:00,6472.29,6553.37,6472.29,6536.15,20519796
2016-06-14 10:00:00,6535.39,6548.52,6452.66,6464.48,26077552
2016-06-14 12:00:00,6463.72,6523.28,6453.99,6498.32,13226988
2016-06-14 14:00:00,6498.71,6522.69,6469.26,6518.6,20418840
2016-06-15 08:00:00,6446.09,6569.05,6439.8,6557.81,20406232
2016-06-15 10:00:00,6557.91,6722.28,6554.06,6698.21,43858288
2016-06-15 12:00:00,6698.38,6732.21,6674.78,6732.21,19864704
2016-06-15 14:00:00,6732.42,6739.54,6686.35,6710.72,27128344
2016-06-16 08:00:00,6693.92,6717.96,6687.52,6697.16,26229022
2016-06-16 10:00:00,6697.27,6719.88,6660.54,6718.96,40736970
2016-06-16 12:00:00,6718.96,6720.64,6681.84,6693.54,22577304
2016-06-16 14:00:00,6693.47,6708.27,6653.39,6671.66,29090984
2016-06-17 08:00:00,6682.52,6766.6,6682.52,6765.48,24993940
2016-06-17 10:00:00,6765.33,6775.91,6729.98,6743.6,35144936
2016-06-17 12:00:00,6745.58,6763.86,6699.72,6715.5,20216020
2016-06-17 14:00:00,6715.41,6723.06,6677.9,6720.07,25590840
2016-06-20 08:00:00,6719.4,6740.88,6671.21,6675.76,23650898
2016-06-20 10:00:00,6679.17,6730.89,6670.25,6730.61,31273126
2016-06-20 12:00:00,6730.62,6753.37,6712.12,6723.99,16850416
2016-06-20 14:00:00,6724.32,6765.07,6723.08,6752.48,24219376
2016-06-21 08:00:00,6801.98,6855.72,6791.98,6854.53,25169572
2016-06-21 10:00:00,6855.76,6865.41,6771.52,6773.25,36465056
2016-06-21 12:00:00,6773.16,6776.79,6730.6,6762.11,18352788
2016-06-21 14:00:00,6760.74,6777.78,6668.5,6698.01,29834376
2016-06-22 08:00:00,6677.67,6731.84,6672.45,6723.25,17629892
2016-06-22 10:00:00,6724.51,6749.03,6679.9,6734.25,28217100
2016-06-22 12:00:00,6734.04,6743.45,6709.58,6742.74,14771624
2016-06-22 14:00:00,6742.49,6801.21,6730.3,6801.21,29885664
2016-06-23 08:00:00,6788.65,6798.16,6767.29,6767.29,24602548
2016-06-23 10:00:00,6766.37,6795.52,6710.66,6724.52,41206816
2016-06-23 12:00:00,6724.68,6771.06,6721.62,6758.97,14294468
2016-06-23 14:00:00,6759.0,6785.19,6742.69,6759.77,23181408
2016-06-24 08:00:00,6741.23,6788.61,6720.51,6754.67,20645228
2016-06-24 10:00:00,6754.28,6754.28,6607.69,6650.64,42368724
2016-06-24 12:00:00,6622.86,6727.35,6493.63,6689.33,38051592
2016-06-24 14:00:00,6691.2,6737.64,6656.97,6658.7,26610248
2016-06-27 08:00:00,6623.07,6705.81,6622.51,6705.81,21343528
2016-06-27 10:00:00,6706.98,6744.22,6695.5,6744.22,32433016
2016-06-27 12:00:00,6750.27,6799.56,6749.09,6799.56,22928528
2016-06-27 14:00:00,6799.42,6816.71,6792.96,6816.66,29308696
2016-06-28 08:00:00,6787.77,6847.67,6777.77,6841.61,26821938
2016-06-28 10:00:00,6841.5,6846.44,6784.59,6846.44,40965334
2016-06-28 12:00:00,6848.34,6872.69,6829.31,6837.11,22623712
2016-06-28 14:00:00,6837.34,6907.81,6829.36,6895.45,32395800
2016-06-29 08:00:00,6916.22,6933.08,6889.12,6911.24,28100312
2016-06-29 10:00:00,6911.9,6923.89,6863.98,6888.43,40322640
2016-06-29 12:00:00,6889.97,6909.79,6874.62,6908.66,18895408
2016-06-29 14:00:00,6907.76,6907.76,6870.95,6886.86,27646472
2016-06-30 08:00:00,6890.35,6917.31,6872.16,6897.64,22491848
2016-06-30 10:00:00,6897.43,6916.86,6865.01,6870.79,36457184
2016-06-30 12:00:00,6870.54,6910.17,6864.36,6901.39,16804072
2016-06-30 14:00:00,6900.93,6901.58,6871.77,6892.73,25418432
2016-07-01 08:00:00,6905.51,6927.45,6896.38,6911.46,19622102
2016-07-01 10:00:00,6912.01,6935.92,6893.06,6893.06,33823938
2016-07-01 12:00:00,6892.2,6892.35,6856.81,6888.65,16822104
2016-07-01 14:00:00,6887.68,6908.48,6873.23,6875.68,22357672
2016-07-04 08:00:00,6820.04,6865.46,6813.55,6848.77,18166796
2016-07-04 10:00:00,6848.86,6972.56,6848.56,6967.48,39035504
2016-07-04 12:00:00,6966.9,6987.0,6958.68,6980.63,21378556
2016-07-04 14:00:00,6980.22,6994.68,6966.13,6977.88,30371672
2016-07-05 08:00:00,6979.19,6992.42,6951.68,6959.95,24498368
2016-07-05 10:00:00,6959.62,6976.68,6931.83,6956.3,43206470
2016-07-05 12:00:00,6956.07,6981.94,6951.62,6966.45,19988064
2016-07-05 14:00:00,6966.76,6984.92,6949.9,6971.67,27944408
2016-07-06 08:00:00,6948.92,6961.62,6926.01,6952.69,20638484
2016-07-06 10:00:00,6953.27,6980.31,6939.63,6966.91,33356352
2016-07-06 12:00:00,6967.03,6996.51,6967.03,6982.57,21722580
2016-07-06 14:00:00,6982.4,6986.31,6952.33,6985.09,29608424
2016-07-07 08:00:00,6976.74,7001.24,6971.25,6999.47,24712296
2016-07-07 10:00:00,7000.83,7006.06,6911.53,6934.4,47758552
2016-07-07 12:00:00,6933.93,6982.31,6933.93,6982.31,20347944
2016-07-07 14:00:00,6982.75,7017.33,6982.06,6993.51,29997456
2016-07-08 08:00:00,6992.74,7003.91,6971.58,6991.78,22721144
2016-07-08 10:00:00,6992.53,7021.52,6967.6,6997.68,33904240
2016-07-08 12:00:00,6998.53,7021.76,6990.08,7008.34,15531864
2016-07-08 14:00:00,7008.55,7031.47,6985.49,6987.7,25536120
2016-07-11 08:00:00,6997.87,7018.55,6980.92,6984.69,21064782
2016-07-11 10:00:00,6984.14,7022.12,6964.33,7008.62,36825726
2016-07-11 12:00:00,7011.03,7032.87,7002.14,7002.44,20144708
2016-07-11 14:00:00,7002.65,7010.07,6935.14,6940.18,30888872
2016-07-12 08:00:00,6929.33,6970.91,6929.33,6963.64,19419372
2016-07-12 10:00:00,6964.46,6982.87,6856.78,6880.37,46432100
2016-07-12 12:00:00,6880.34,6957.95,6879.09,6955.16,16322024
2016-07-12 14:00:00,6954.55,7026.55,6953.99,7026.55,31716560
2016-07-13 08:00:00,7063.58,7107.43,7060.43,7068.38,26796798
2016-07-13 10:00:00,7070.15,7106.23,7070.15,7104.74,35821570
2016-07-13 12:00:00,7104.84,7127.81,7102.44,7102.78,24197928
2016-07-13 14:00:00,7102.62,7115.86,7068.18,7095.75,27828296
2016-07-14 08:00:00,7093.4,7102.61,7067.72,7078.66,20855544
2016-07-14 10:00:00,7078.45,7104.62,7071.69,7093.06,33732588
2016-07-14 12:00:00,7093.04,7113.5,7086.84,7096.25,16611060
2016-07-14 14:00:00,7095.54,7102.79,7057.91,7102.79,26968728
2016-07-15 08:00:00,7102.18,7115.51,7078.95,7083.95,21001248
2016-07-15 10:00:00,7084.67,7106.04,7055.97,7091.61,32305280
2016-07-15 12:00:00,7094.67,7105.04,7080.62,7099.78,16085400
2016-07-15 14:00:00,7099.2,7113.8,7090.7,7093.01,23617672
2016-07-18 08:00:00,7071.76,7089.94,7039.5,7039.5,20824700
2016-07-18 10:00:00,7039.75,7074.68,7022.45,7074.68,31850684
2016-07-18 12:00:00,7074.63,7090.87,7063.89,7084.18,16380336
2016-07-18 14:00:00,7084.08,7084.08,7036.25,7047.41,24569384
2016-07-19 08:00:00,7048.2,7076.55,7046.22,7056.67,16874898
2016-07-19 10:00:00,7056.46,7056.92,7014.17,7016.64,30036486
2016-07-19 12:00:00,7015.36,7059.07,6997.03,7030.75,15206692
2016-07-19 14:00:00,7030.73,7063.66,7011.32,7063.66,22831420
2016-07-20 08:00:00,7070.76,7077.99,7049.92,7070.12,17890328
2016-07-20 10:00:00,7069.21,7078.36,7030.52,7068.29,30435900
2016-07-20 12:00:00,7067.88,7073.55,7052.42,7055.65,15136996
2016-07-20 14:00:00,7055.0,7075.29,7041.78,7041.78,24742144
2016-07-21 08:00:00,7043.71,7080.56,7043.71,7051.72,19188368
2016-07-21 10:00:00,7051.81,7092.96,7032.19,7088.22,33096064
2016-07-21 12:00:00,7090.9,7104.29,7083.2,7085.45,17756568
2016-07-21 14:00:00,7085.29,7087.59,7049.24,7053.89,25132304
2016-07-22 08:00:00,7056.8,7063.7,7027.46,7048.33,18388618
2016-07-22 10:00:00,7048.33,7054.46,7016.92,7017.03,30892426
2016-07-22 12:00:00,7014.6,7046.53,7002.75,7041.04,17021740
2016-07-22 14:00:00,7040.08,7044.52,6998.8,7002.72,26089488
2016-07-25 08:00:00,6983.38,7022.98,6980.31,7022.88,18444536
2016-07-25 10:00:00,7022.73,7053.73,7013.18,7031.63,28426544
2016-07-25 12:00:00,7031.77,7034.22,6995.24,7008.45,15725732
2016-07-25 14:00:00,7009.14,7015.22,6982.33,7014.43,24317524
2016-07-26 08:00:00,7014.84,7058.59,7014.84,7056.88,16727900
2016-07-26 10:00:00,7057.28,7057.63,7031.45,7033.5,26034348
2016-07-26 12:00:00,7034.93,7054.63,7034.93,7052.19,13666084
2016-07-26 14:00:00,7052.05,7086.98,7050.03,7086.98,23490980
2016-07-27 08:00:00,7092.08,7101.78,7069.54,7073.87,16971604
2016-07-27 10:00:00,7073.76,7091.24,6886.1,6886.1,43017092
2016-07-27 12:00:00,6874.58,6874.58,6712.37,6815.34,42032296
2016-07-27 14:00:00,6815.83,6859.99,6749.96,6783.56,30171024
2016-07-28 08:00:00,6779.88,6823.46,6761.9,6807.96,16406532
2016-07-28 10:00:00,6807.34,6827.51,6680.66,6697.84,36133220
2016-07-28 12:00:00,6694.68,6751.35,6684.93,6737.33,17082632
2016-07-28 14:00:00,6736.19,6794.76,6730.27,6772.81,19140624
2016-07-29 08:00:00,6769.55,6791.2,6763.59,6763.86,12755214
2016-07-29 10:00:00,6764.3,6766.53,6706.8,6761.94,24025826
2016-07-29 12:00:00,6764.98,6774.35,6753.42,6771.7,10072840
2016-07-29 14:00:00,6771.06,6772.71,6716.96,6736.08,18899412
2016-08-01 08:00:00,6709.0,6709.0,6586.43,6633.45,17903148
2016-08-01 10:00:00,6634.2,6644.04,6593.24,6615.15,22174572
2016-08-01 12:00:00,6614.77,6638.17,6589.67,6633.92,10528032
2016-08-01 14:00:00,6634.69,6679.46,6634.69,6647.64,16488552
2016-08-02 08:00:00,6642.32,6682.26,6642.32,6674.92,9953740
2016-08-02 10:00:00,6676.13,6685.35,6653.51,6664.22,15945180
2016-08-02 12:00:00,6666.97,6669.31,6633.45,6651.85,8543368
2016-08-02 14:00:00,6651.83,6685.29,6649.43,6685.29,15795928
2016-08-03 08:00:00,6677.05,6705.56,6663.17,6704.39,10122637
2016-08-03 10:00:00,6705.11,6720.51,6680.16,6720.1,19557143
2016-08-03 12:00:00,6722.33,6725.54,6692.46,6693.92,9916148
2016-08-03 14:00:00,6694.19,6707.77,6675.2,6707.77,15887772
2016-08-04 08:00:00,6705.22,6719.13,6694.55,6709.44,11224092
2016-08-04 10:00:00,6708.51,6741.77,6683.64,6740.91,23044288
2016-08-04 12:00:00,6742.14,6755.68,6735.2,6747.31,11303956
2016-08-04 14:00:00,6747.84,6763.79,6738.21,6759.16,16572600
2016-08-05 08:00:00,6754.61,6757.97,6734.21,6751.18,11520595
2016-08-05 10:00:00,6751.17,6770.87,6730.43,6750.8,20583233
2016-08-05 12:00:00,6749.67,6779.84,6739.41,6762.21,11398848
2016-08-05 14:00:00,6761.7,6762.92,6729.82,6729.82,17718932
2016-08-08 08:00:00,6717.15,6721.06,6683.64,6721.06,13573854
2016-08-08 10:00:00,6721.5,6779.92,6720.54,6774.57,20520194
2016-08-08 12:00:00,6776.42,6798.19,6772.91,6796.68,10274076
2016-08-08 14:00:00,6796.32,6823.5,6789.38,6823.5,17990740
2016-08-09 08:00:00,6826.87,6846.45,6820.85,6833.52,13417393
2016-08-09 10:00:00,6833.76,6854.86,6833.76,6852.01,22465687
2016-08-09 12:00:00,6854.12,6879.21,6853.66,6864.38,14564024
2016-08-09 14:00:00,6864.19,6884.05,6852.12,6884.05,20463528
2016-08-10 08:00:00,6881.86,6899.47,6875.33,6875.33,13969694
2016-08-10 10:00:00,6875.33,6891.91,6860.04,6871.01,25650294
2016-08-10 12:00:00,6871.06,6887.02,6857.6,6860.31,12416628
2016-08-10 14:00:00,6859.48,6871.19,6842.66,6843.02,18109184
2016-08-11 08:00:00,6830.65,6855.95,6823.75,6839.28,13267228
2016-08-11 10:00:00,6839.0,6839.04,6785.77,6808.6,23615084
2016-08-11 12:00:00,6808.6,6835.19,6799.78,6828.19,10536432
2016-08-11 14:00:00,6828.38,6830.88,6754.64,6754.64,21006128
2016-08-12 08:00:00,6744.4,6779.02,6744.4,6775.86,11286529
2016-08-12 10:00:00,6776.29,6777.24,6754.38,6756.41,17688231
2016-08-12 12:00:00,6756.39,6780.46,6737.11,6775.24,11236024
2016-08-12 14:00:00,6775.06,6830.38,6772.13,6829.87,20742548
2016-08-15 08:00:00,6847.78,6864.28,6843.28,6857.18,16122458
2016-08-15 10:00:00,6857.36,6991.41,6837.74,6990.81,36133582
2016-08-15 12:00:00,6996.06,7026.12,6992.81,6993.86,24608928
2016-08-15 14:00:00,6993.48,7009.9,6987.9,6995.68,23589856
2016-08-16 08:00:00,7004.1,7029.19,7002.43,7013.96,20770312
2016-08-16 10:00:00,7013.22,7029.85,6997.78,7007.68,35493244
2016-08-16 12:00:00,7009.1,7032.14,7006.32,7025.59,18068780
2016-08-16 14:00:00,7025.79,7033.15,7002.27,7008.89,25397728
2016-08-17 08:00:00,7024.09,7043.64,6997.92,7028.82,19857532
2016-08-17 10:00:00,7027.63,7047.7,7004.77,7038.45,29849220
2016-08-17 12:00:00,7039.43,7058.33,7035.46,7050.25,14603240
2016-08-17 14:00:00,7050.61,7058.26,7020.13,7032.52,23519616
2016-08-18 08:00:00,7028.6,7051.24,7024.2,7040.12,19338604
2016-08-18 10:00:00,7039.01,7047.37,7010.64,7046.37,32338240
2016-08-18 12:00:00,7050.39,7053.19,6994.65,7035.35,20803900
2016-08-18 14:00:00,7036.18,7040.21,6998.23,7015.54,23157800
2016-08-19 08:00:00,7014.41,7024.02,7000.13,7007.29,17784856
2016-08-19 10:00:00,7007.52,7025.87,6990.5,7009.73,28111796
2016-08-19 12:00:00,7010.38,7027.1,7006.7,7016.45,14032328
2016-08-19 14:00:00,7018.08,7043.72,7009.59,7021.19,22973076
2016-08-22 08:00:00,7017.5,7035.61,7005.04,7018.07,18899566
2016-08-22 10:00:00,7017.7,7018.81,6970.48,6973.51,29407098
2016-08-22 12:00:00,6972.12,7001.61,6972.12,6995.75,12652592
2016-08-22 14:00:00,6995.49,6996.0,6937.5,6938.09,23585992
2016-08-23 08:00:00,6935.88,6964.83,6934.37,6938.1,17631608
2016-08-23 10:00:00,6938.34,6981.67,6938.34,6959.69,23627612
2016-08-23 12:00:00,6959.78,6967.65,6944.68,6944.92,12132952
2016-08-23 14:00:00,6945.08,6965.85,6911.05,6953.11,21388180
2016-08-24 08:00:00,6959.58,6989.5,6959.58,6982.27,14183039
2016-08-24 10:00:00,6982.52,6984.35,6951.53,6980.2,25032301
2016-08-24 12:00:00,6980.22,7005.5,6975.02,6995.16,14094820
2016-08-24 14:00:00,6995.74,7000.87,6957.59,6969.06,21167808
2016-08-25 08:00:00,6936.47,6936.47,6869.08,6893.86,21107644
2016-08-25 10:00:00,6894.48,6926.28,6861.02,6889.77,28403072
2016-08-25 12:00:00,6889.77,6910.17,6886.66,6905.28,10812680
2016-08-25 14:00:00,6905.09,6937.79,6886.78,6925.74,20394356
2016-08-26 08:00:00,6944.88,6964.85,6937.5,6963.87,15697461
2016-08-26 10:00:00,6964.09,6993.88,6958.8,6993.27,25532171
2016-08-26 12:00:00,6993.07,6998.63,6961.86,6962.11,13324216
2016-08-26 14:00:00,6962.01,6974.27,6931.41,6942.08,20400888
2016-08-29 08:00:00,6944.3,6961.14,6938.01,6950.75,14884335
2016-08-29 10:00:00,6950.51,6979.24,6950.51,6970.27,22971877
2016-08-29 12:00:00,6972.01,6973.79,6938.51,6944.5,12881188
2016-08-29 14:00:00,6946.45,6971.38,6945.57,6961.59,16521168
2016-08-30 08:00:00,6963.33,6990.12,6963.33,6975.61,14390024
2016-08-30 10:00:00,6974.39,6981.98,6959.93,6975.31,22506536
2016-08-30 12:00:00,6976.92,7004.36,6976.67,6982.09,12611332
2016-08-30 14:00:00,6982.45,6984.07,6955.38,6966.58,17935076
2016-08-31 08:00:00,6972.98,6979.67,6952.64,6961.41,13685764
2016-08-31 10:00:00,6961.66,6964.96,6917.9,6964.96,24835000
2016-08-31 12:00:00,6970.13,6973.75,6951.57,6951.96,11518612
2016-08-31 14:00:00,6952.23,6964.17,6943.44,6961.14,16702056
2016-09-01 08:00:00,6964.14,6972.79,6950.73,6957.29,12331508
2016-09-01 10:00:00,6957.56,6973.36,6941.23,6951.97,23216948
2016-09-01 12:00:00,6952.52,6952.88,6935.65,6941.62,11803112
2016-09-01 14:00:00,6942.0,6960.51,6912.75,6912.75,21699128
2016-09-02 08:00:00,6898.64,6928.48,6896.79,6908.43,12948399
2016-09-02 10:00:00,6908.26,6929.45,6890.53,6894.52,20582983
2016-09-02 12:00:00,6895.76,6898.51,6854.49,6865.4,12688550
2016-09-02 14:00:00,6865.63,6878.88,6839.8,6872.16,19342280
2016-09-05 08:00:00,6889.91,6907.34,6883.72,6902.14,13377357
2016-09-05 10:00:00,6901.19,6931.83,6896.49,6906.18,21722175
2016-09-05 12:00:00,6906.82,6916.42,6897.27,6899.6,11139696
2016-09-05 14:00:00,6899.37,6907.54,6877.62,6884.97,18017560
2016-09-06 08:00:00,6892.73,6895.88,6854.23,6854.23,15488532
2016-09-06 10:00:00,6853.05,6915.32,6840.42,6915.32,25277588
2016-09-06 12:00:00,6916.81,6973.91,6914.03,6973.69,17820520
2016-09-06 14:00:00,6974.96,7005.39,6971.71,7005.39,26729600
2016-09-07 08:00:00,7002.05,7018.96,6999.64,7004.44,20022672
2016-09-07 10:00:00,7004.08,7020.37,6989.43,7012.31,32988360
2016-09-07 12:00:00,7014.38,7023.93,7006.72,7009.08,16495864
2016-09-07 14:00:00,7009.61,7017.77,6977.64,6986.07,25612000
2016-09-08 08:00:00,6979.69,6997.03,6977.96,6984.31,15591316
2016-09-08 10:00:00,6984.35,6993.39,6974.11,6987.57,24125260
2016-09-08 12:00:00,6987.68,6998.07,6979.3,6980.25,14060344
2016-09-08 14:00:00,6979.66,6988.12,6957.78,6988.12,22781528
2016-09-09 08:00:00,6995.26,7013.25,6993.22,7004.97,17582972
2016-09-09 10:00:00,7005.02,7006.05,6968.97,6987.6,26982168
2016-09-09 12:00:00,6987.6,6990.64,6974.28,6974.7,12970076
2016-09-09 14:00:00,6974.72,6978.35,6935.74,6935.74,23791648
2016-09-12 08:00:00,6813.26,6848.31,6785.05,6836.66,21438028
2016-09-12 10:00:00,6836.21,6841.84,6780.09,6786.42,26040092
2016-09-12 12:00:00,6785.28,6790.99,6742.23,6750.87,15804392
2016-09-12 14:00:00,6750.93,6768.64,6731.62,6731.84,21931504
2016-09-13 08:00:00,6773.66,6790.65,6766.2,6774.19,12150011
2016-09-13 10:00:00,6773.36,6785.19,6755.0,6764.25,21148065
2016-09-13 12:00:00,6765.73,6773.87,6738.9,6768.98,12529544
2016-09-13 14:00:00,6769.2,6774.82,6750.95,6774.01,19404980
2016-09-14 08:00:00,6748.02,6752.68,6719.99,6752.68,14413884
2016-09-14 10:00:00,6752.8,6773.17,6742.03,6743.81,19544072
2016-09-14 12:00:00,6742.86,6751.04,6727.6,6736.36,9780820
2016-09-14 14:00:00,6735.84,6742.94,6712.12,6726.92,17886328
2016-09-19 08:00:00,6746.35,6793.06,6746.35,6782.6,13736151
2016-09-19 10:00:00,6782.39,6797.21,6774.01,6783.65,18753491
2016-09-19 12:00:00,6784.33,6787.76,6767.61,6770.17,9469758
2016-09-19 14:00:00,6770.19,6783.6,6763.84,6783.6,15971256
2016-09-20 08:00:00,6790.97,6792.69,6768.84,6779.31,12289184
2016-09-20 10:00:00,6777.68,6780.58,6758.77,6780.58,20575292
2016-09-20 12:00:00,6781.28,6782.41,6763.08,6763.36,10694336
2016-09-20 14:00:00,6763.48,6780.16,6762.04,6778.18,16127508
2016-09-21 08:00:00,6777.75,6802.15,6774.2,6795.43,12083884
2016-09-21 10:00:00,6795.57,6798.81,6779.21,6788.58,19400752
2016-09-21 12:00:00,6789.15,6820.61,6789.15,6820.18,11103688
2016-09-21 14:00:00,6820.21,6820.62,6792.01,6797.08,16289488
2016-09-22 08:00:00,6840.83,6854.55,6837.64,6839.34,15097681
2016-09-22 10:00:00,6839.4,6857.68,6833.55,6843.41,22388347
2016-09-22 12:00:00,6844.92,6850.32,6830.92,6830.92,12566588
2016-09-22 14:00:00,6831.73,6836.98,6823.75,6829.12,18170272
2016-09-23 08:00:00,6842.08,6850.16,6829.22,6835.53,13310142
2016-09-23 10:00:00,6835.0,6847.86,6815.89,6832.5,22206462
2016-09-23 12:00:00,6832.5,6843.88,6820.64,6843.54,12184148
2016-09-23 14:00:00,6844.08,6844.93,6820.88,6822.03,19888104
2016-09-26 08:00:00,6809.62,6809.62,6767.83,6768.8,15183664
2016-09-26 10:00:00,6768.63,6776.96,6744.85,6762.13,21511984
2016-09-26 12:00:00,6762.02,6762.7,6723.51,6732.81,13207176
2016-09-26 14:00:00,6732.97,6739.66,6667.08,6667.08,24143256
2016-09-27 08:00:00,6658.17,6696.96,6658.17,6692.13,12501396
2016-09-27 10:00:00,6692.23,6703.46,6651.48,6651.53,20506132
2016-09-27 12:00:00,6651.77,6668.29,6638.51,6644.01,9632300
2016-09-27 14:00:00,6644.39,6709.88,6627.87,6709.88,19236672
2016-09-28 08:00:00,6724.68,6724.68,6695.7,6708.11,11857610
2016-09-28 10:00:00,6708.49,6728.1,6703.74,6706.21,17334630
2016-09-28 12:00:00,6705.59,6722.04,6699.7,6714.21,8916260
2016-09-28 14:00:00,6714.52,6719.22,6696.22,6704.23,16163140
2016-09-29 08:00:00,6711.64,6729.71,6711.64,6728.69,9629043
2016-09-29 10:00:00,6728.58,6767.35,6728.2,6760.2,18608411
2016-09-29 12:00:00,6759.83,6763.91,6753.56,6755.67,10316430
2016-09-29 14:00:00,6755.99,6770.59,6746.19,6749.42,17616900
2016-09-30 08:00:00,6746.46,6773.19,6743.28,6773.19,9081196
2016-09-30 10:00:00,6772.94,6785.13,6769.01,6771.53,16335108
2016-09-30 12:00:00,6771.53,6787.98,6771.53,6782.19,8525296
2016-09-30 14:00:00,6781.82,6797.39,6779.44,6783.59,16735936
2016-10-10 08:00:00,6828.78,6853.2,6818.77,6832.75,16359160
2016-10-10 10:00:00,6831.58,6902.5,6831.58,6902.02,24670144
2016-10-10 12:00:00,6903.9,6907.67,6891.52,6895.01,13550240
2016-10-10 14:00:00,6895.27,6910.22,6889.13,6910.22,18954608
2016-10-11 08:00:00,6914.91,6932.67,6904.02,6920.84,15723139
2016-10-11 10:00:00,6920.8,6935.36,6911.09,6924.01,24862633
2016-10-11 12:00:00,6924.49,6924.91,6902.51,6916.68,14209736
2016-10-11 14:00:00,6917.08,6946.77,6915.66,6946.77,22251148
2016-10-12 08:00:00,6936.69,6947.45,6921.81,6940.36,17472880
2016-10-12 10:00:00,6940.78,6962.51,6933.52,6941.09,25797016
2016-10-12 12:00:00,6940.63,6953.08,6934.71,6936.14,12157468
2016-10-12 14:00:00,6936.82,6947.61,6919.74,6947.61,20328916
2016-10-13 08:00:00,6944.92,6969.04,6944.92,6952.95,13960040
2016-10-13 10:00:00,6952.9,6958.53,6927.86,6946.62,24970332
2016-10-13 12:00:00,6947.64,6961.13,6943.56,6956.78,13769444
2016-10-13 14:00:00,6957.28,6967.17,6944.11,6952.04,20577264
2016-10-14 08:00:00,6943.92,6947.15,6925.6,6925.71,16380566
2016-10-14 10:00:00,6926.3,6933.85,6889.45,6894.82,28827930
2016-10-14 12:00:00,6893.07,6915.68,6892.54,6909.18,11355788
2016-10-14 14:00:00,6908.77,6935.73,6907.79,6931.37,19276820
2016-10-17 08:00:00,6939.25,6954.68,6932.75,6950.76,15817914
2016-10-17 10:00:00,6950.55,6950.97,6930.03,6941.89,23679070
2016-10-17 12:00:00,6942.56,6946.09,6924.24,6927.2,12937048
2016-10-17 14:00:00,6926.69,6926.69,6847.55,6858.68,27706640
2016-10-18 08:00:00,6858.03,6880.15,6856.06,6874.3,12957268
2016-10-18 10:00:00,6874.25,6911.08,6868.87,6906.19,25748436
2016-10-18 12:00:00,6907.94,6941.57,6898.23,6928.5,15836216
2016-10-18 14:00:00,6928.48,6958.97,6927.13,6958.97,24474512
2016-10-19 08:00:00,6973.52,6984.74,6966.19,6966.19,18128208
2016-10-19 10:00:00,6966.16,6969.11,6935.77,6946.09,29010044
2016-10-19 12:00:00,6946.86,6948.5,6931.27,6933.59,13475000
2016-10-19 14:00:00,6932.87,6937.58,6915.57,6930.13,21246548
2016-10-20 08:00:00,6941.37,6970.19,6939.95,6970.19,18807762
2016-10-20 10:00:00,6970.79,6976.09,6948.62,6963.28,29299050
2016-10-20 12:00:00,6963.63,6978.72,6958.63,6978.72,15509192
2016-10-20 14:00:00,6978.3,6981.06,6964.82,6973.23,24630348
2016-10-21 08:00:00,6973.64,6976.73,6964.93,6968.7,16328647
2016-10-21 10:00:00,6968.65,6976.26,6900.14,6908.67,35689441
2016-10-21 12:00:00,6908.24,6927.68,6902.17,6927.68,11599988
2016-10-21 14:00:00,6927.11,6950.17,6925.16,6948.87,17891308
2016-10-24 08:00:00,6958.61,6974.93,6951.66,6955.96,16330628
2016-10-24 10:00:00,6955.21,7020.43,6954.99,7017.11,30944220
2016-10-24 12:00:00,7021.8,7033.34,7009.66,7009.66,15852520
2016-10-24 14:00:00,7009.66,7017.05,7000.29,7004.89,18974872
2016-10-25 08:00:00,7009.05,7022.75,7000.84,7008.9,18611856
2016-10-25 10:00:00,7009.02,7024.44,7003.89,7014.94,28981972
2016-10-25 12:00:00,7015.66,7020.29,7004.99,7018.07,14990016
2016-10-25 14:00:00,7017.26,7019.31,7000.89,7019.31,23120140
2016-10-26 08:00:00,7016.23,7016.92,6998.07,7004.35,20849338
2016-10-26 10:00:00,7003.63,7011.56,6967.89,6986.16,33529129
2016-10-26 12:00:00,6985.94,6986.61,6968.06,6976.15,15386958
2016-10-26 14:00:00,6976.15,6989.86,6965.72,6983.41,21835025
2016-10-27 08:00:00,6981.26,6989.7,6966.07,6982.24,16539028
2016-10-27 10:00:00,6982.62,6983.04,6957.66,6961.33,25371540
2016-10-27 12:00:00,6960.95,6972.98,6953.48,6962.65,12363672
2016-10-27 14:00:00,6962.72,6975.39,6948.06,6973.34,20523864
2016-10-28 08:00:00,6968.9,7005.01,6968.9,6989.38,16452824
2016-10-28 10:00:00,6989.45,6990.69,6929.6,6944.02,29674648
2016-10-28 12:00:00,6945.22,6952.57,6928.57,6952.29,13263928
2016-10-28 14:00:00,6952.74,6953.95,6911.97,6911.97,21723800
2016-10-31 08:00:00,6892.32,6892.32,6859.09,6879.33,15388728
2016-10-31 10:00:00,6879.76,6882.12,6852.96,6873.45,23924600
2016-10-31 12:00:00,6872.54,6902.02,6870.27,6902.02,11741664
2016-10-31 14:00:00,6902.29,6915.04,6893.95,6900.73,17706120
2016-11-01 08:00:00,6907.22,6925.75,6901.44,6924.37,13193076
2016-11-01 10:00:00,6924.65,6935.26,6909.14,6917.34,25011812
2016-11-01 12:00:00,6917.5,6934.21,6917.5,6934.21,14164928
2016-11-01 14:00:00,6933.67,6954.96,6931.06,6953.89,22871408
2016-11-02 08:00:00,6942.51,6947.13,6931.65,6943.04,17860484
2016-11-02 10:00:00,6943.16,6957.91,6924.87,6925.76,30554968
2016-11-02 12:00:00,6924.69,6924.85,6896.3,6915.95,16137356
2016-11-02 14:00:00,6916.67,6923.02,6890.17,6894.83,22987816
2016-11-03 08:00:00,6879.77,6914.03,6874.4,6906.19,17053722
2016-11-03 10:00:00,6906.05,6930.35,6879.67,6930.35,31148454
2016-11-03 12:00:00,6937.67,6966.01,6937.67,6954.19,24696848
2016-11-03 14:00:00,6953.15,6953.15,6919.99,6926.24,26860328
2016-11-04 08:00:00,6924.4,6947.92,6922.57,6929.25,19010314
2016-11-04 10:00:00,6928.7,6947.78,6905.46,6911.26,30288130
2016-11-04 12:00:00,6911.26,6921.58,6896.62,6898.19,14722860
2016-11-04 14:00:00,6899.05,6904.88,6885.02,6895.16,21208688
2016-11-07 08:00:00,6897.26,6907.98,6880.19,6884.78,19089676
2016-11-07 10:00:00,6884.37,6913.25,6877.26,6900.15,26063540
2016-11-07 12:00:00,6903.47,6909.56,6888.36,6888.36,13814464
2016-11-07 14:00:00,6888.73,6888.73,6871.49,6882.82,20779368
2016-11-08 08:00:00,6922.12,6936.09,6910.56,6921.47,17453130
2016-11-08 10:00:00,6921.49,6939.54,6904.5,6939.5,28965150
2016-11-08 12:00:00,6942.44,6946.98,6927.1,6927.83,16776684
2016-11-08 14:00:00,6927.99,6932.92,6921.3,6928.48,21284668
2016-11-09 08:00:00,6929.52,6929.79,6907.28,6907.35,17333722
2016-11-09 10:00:00,6906.65,6906.65,6806.76,6807.08,39271794
2016-11-09 12:00:00,6800.43,6899.32,6769.49,6899.32,23062092
2016-11-09 14:00:00,6899.48,6899.64,6837.48,6852.0,20769160
2016-11-10 08:00:00,6908.18,6936.07,6908.18,6917.63,23588038
2016-11-10 10:00:00,6918.24,6941.32,6903.54,6916.53,31273654
2016-11-10 12:00:00,6918.02,6927.87,6918.02,6918.51,19031108
2016-11-10 14:00:00,6918.28,6930.37,6915.97,6924.45,24667840
2016-11-11 08:00:00,6931.5,6935.47,6910.74,6922.66,20661596
2016-11-11 10:00:00,6921.71,6922.47,6896.28,6919.22,35691684
2016-11-11 12:00:00,6923.81,6935.98,6918.16,6930.45,21376032
2016-11-11 14:00:00,6929.18,6944.28,6922.56,6941.25,26252624
2016-11-14 08:00:00,6923.89,6967.63,6923.89,6967.63,25152456
2016-11-14 10:00:00,6967.3,6982.6,6950.87,6953.4,38221452
2016-11-14 12:00:00,6953.4,6961.63,6933.57,6934.43,19155996
2016-11-14 14:00:00,6934.14,6947.36,6913.43,6947.36,26247880
2016-11-15 08:00:00,6951.14,6954.77,6933.23,6936.84,20520390
2016-11-15 10:00:00,6937.14,6946.05,6920.68,6935.44,30800883
2016-11-15 12:00:00,6936.0,6945.48,6923.15,6930.49,16596557
2016-11-15 14:00:00,6930.63,6970.82,6930.07,6970.82,25717552
2016-11-16 08:00:00,6982.07,7003.68,6981.33,7003.68,22975316
2016-11-16 10:00:00,7003.41,7003.87,6980.36,6993.97,35147812
2016-11-16 12:00:00,6995.2,7000.08,6987.85,6993.47,16937088
2016-11-16 14:00:00,6994.08,7008.44,6987.56,6991.64,25178016
2016-11-17 08:00:00,6982.82,6982.82,6947.05,6961.92,21139032
2016-11-17 10:00:00,6963.51,6963.51,6931.44,6949.62,29759192
2016-11-17 12:00:00,6951.52,6960.69,6946.31,6951.51,13354484
2016-11-17 14:00:00,6952.36,6977.45,6951.97,6966.58,22837724
2016-11-18 08:00:00,6965.25,6969.88,6949.75,6961.31,20932092
2016-11-18 10:00:00,6961.37,6973.65,6953.4,6954.11,26445048
2016-11-18 12:00:00,6954.11,6956.42,6944.28,6947.89,13590300
2016-11-18 14:00:00,6947.88,6948.12,6923.44,6928.97,24605184
2016-11-21 08:00:00,6924.73,6944.22,6922.9,6940.05,17282978
2016-11-21 10:00:00,6939.2,6956.44,6931.3,6940.07,28689942
2016-11-21 12:00:00,6941.75,6944.12,6927.38,6927.95,15660212
2016-11-21 14:00:00,6927.45,6930.14,6911.46,6929.68,21675556
2016-11-22 08:00:00,6937.62,6943.13,6930.69,6938.25,16596366
2016-11-22 10:00:00,6938.34,6943.03,6928.3,6943.03,29084058
2016-11-22 12:00:00,6943.03,6947.47,6934.76,6935.59,17563944
2016-11-22 14:00:00,6935.62,6961.13,6930.91,6961.13,25207776
2016-11-23 08:00:00,6971.54,6989.8,6967.55,6978.85,20585160
2016-11-23 10:00:00,6979.32,6985.06,6940.18,6960.75,33707404
2016-11-23 12:00:00,6962.43,6977.29,6953.59,6963.09,16549012
2016-11-23 14:00:00,6963.28,6963.87,6926.5,6937.36,26815464
2016-11-24 08:00:00,6927.32,6931.98,6914.72,6925.71,16523514
2016-11-24 10:00:00,6924.87,6927.37,6907.46,6910.09,29605254
2016-11-24 12:00:00,6910.61,6929.26,6906.07,6910.8,16490684
2016-11-24 14:00:00,6910.42,6910.42,6877.35,6891.44,26485292
2016-11-25 08:00:00,6888.39,6896.95,6852.63,6852.63,18225356
2016-11-25 10:00:00,6852.24,6876.31,6798.33,6875.87,33536308
2016-11-25 12:00:00,6877.45,6880.59,6865.71,6879.21,12093000
2016-11-25 14:00:00,6879.87,6921.69,6879.87,6921.69,20341640
2016-11-28 08:00:00,6946.37,6961.17,6934.74,6940.79,17455710
2016-11-28 10:00:00,6941.14,6950.87,6922.52,6940.56,25217482
2016-11-28 12:00:00,6941.52,6950.14,6938.03,6944.61,13830352
2016-11-28 14:00:00,6944.78,6955.27,6932.94,6934.94,21181592
2016-11-29 08:00:00,6926.31,6942.1,6917.81,6933.23,15600226
2016-11-29 10:00:00,6933.24,6966.27,6927.06,6965.01,26947746
2016-11-29 12:00:00,6966.74,6973.1,6923.64,6937.12,16648252
2016-11-29 14:00:00,6937.91,6951.67,6920.58,6922.47,23314664
2016-11-30 08:00:00,6907.67,6914.05,6886.7,6906.83,15965637
2016-11-30 10:00:00,6908.58,6944.55,6900.79,6908.18,24608595
2016-11-30 12:00:00,6908.83,6915.0,6901.35,6906.11,11787496
2016-11-30 14:00:00,6905.87,6909.78,6888.29,6902.1,17059200
2016-12-01 08:00:00,6916.45,6923.62,6909.18,6923.13,13683181
2016-12-01 10:00:00,6922.61,6930.35,6915.84,6917.94,22121963
2016-12-01 12:00:00,6918.08,6923.15,6910.08,6913.84,12445532
2016-12-01 14:00:00,6913.32,6931.15,6901.86,6931.15,18772864
2016-12-02 08:00:00,6935.84,6945.0,6928.54,6932.16,14334050
2016-12-02 10:00:00,6932.83,6939.65,6868.34,6869.5,26893270
2016-12-02 12:00:00,6869.31,6877.32,6851.23,6872.8,15970128
2016-12-02 14:00:00,6872.24,6872.96,6849.32,6858.43,20619288
2016-12-05 08:00:00,6814.89,6886.62,6804.79,6874.2,18076758
2016-12-05 10:00:00,6874.61,6888.69,6829.74,6838.6,21473746
2016-12-05 12:00:00,6838.38,6851.89,6833.98,6835.91,10654096
2016-12-05 14:00:00,6836.39,6843.93,6823.6,6832.56,17231136
2016-12-06 08:00:00,6849.31,6868.37,6849.31,6864.82,13756609
2016-12-06 10:00:00,6864.63,6865.21,6837.02,6859.94,20641735
2016-12-06 12:00:00,6860.33,6865.47,6848.81,6864.3,10321288
2016-12-06 14:00:00,6863.91,6875.89,6850.72,6855.36,17627608
2016-12-07 08:00:00,6851.79,6857.78,6839.46,6855.47,12691829
2016-12-07 10:00:00,6854.98,6861.48,6834.58,6861.36,22040043
2016-12-07 12:00:00,6861.38,6878.12,6861.38,6870.75,13338928
2016-12-07 14:00:00,6871.1,6890.18,6867.56,6890.18,17978664
2016-12-08 08:00:00,6908.03,6908.75,6886.09,6899.98,15134018
2016-12-08 10:00:00,6899.68,6900.35,6871.99,6885.03,22165358
2016-12-08 12:00:00,6884.91,6896.13,6872.75,6894.07,10544056
2016-12-08 14:00:00,6894.07,6897.68,6871.38,6877.19,18692144
2016-12-12 08:00:00,6828.32,6828.4,6756.11,6756.11,16301340
2016-12-12 10:00:00,6754.76,6754.76,6635.09,6636.8,35098364
2016-12-12 12:00:00,6632.76,6648.95,6584.52,6588.52,19180000
2016-12-12 14:00:00,6586.03,6600.3,6518.61,6526.36,27322872
2016-12-13 08:00:00,6516.14,6538.42,6488.09,6524.28,17556736
2016-12-13 10:00:00,6523.94,6535.31,6466.3,6493.05,22695908
2016-12-13 12:00:00,6493.35,6552.96,6493.35,6536.12,13147856
2016-12-13 14:00:00,6535.61,6566.97,6535.22,6550.17,17202684
2016-12-14 08:00:00,6546.81,6547.99,6530.06,6538.09,13075271
2016-12-14 10:00:00,6537.43,6537.68,6475.24,6522.21,25194433
2016-12-14 12:00:00,6522.08,6545.84,6515.82,6536.47,13922652
2016-12-14 14:00:00,6535.93,6536.14,6486.16,6493.11,18276692
2016-12-15 08:00:00,6469.79,6519.44,6462.41,6485.86,15203477
2016-12-15 10:00:00,6485.51,6553.71,6482.83,6541.39,23514119
2016-12-15 12:00:00,6543.85,6545.59,6493.55,6504.09,12097828
2016-12-15 14:00:00,6504.35,6504.42,6475.12,6503.86,17569888
2016-12-16 08:00:00,6501.16,6523.57,6493.12,6523.57,14374628
2016-12-16 10:00:00,6522.3,6562.93,6522.3,6538.46,24974604
2016-12-16 12:00:00,6541.0,6546.08,6522.08,6545.64,12419920
2016-12-16 14:00:00,6546.12,6548.87,6531.65,6543.18,18029336
2016-12-19 08:00:00,6543.84,6546.21,6519.94,6541.36,16252053
2016-12-19 10:00:00,6540.73,6541.87,6513.45,6527.12,19882535
2016-12-19 12:00:00,6529.92,6533.85,6516.28,6520.87,11069908
2016-12-19 14:00:00,6520.64,6521.77,6506.67,6514.1,16180764
2016-12-20 08:00:00,6513.75,6517.44,6480.17,6480.17,13549320
2016-12-20 10:00:00,6479.93,6508.47,6473.68,6503.01,20186396
2016-12-20 12:00:00,6504.98,6505.7,6479.63,6484.7,9597292
2016-12-20 14:00:00,6485.07,6496.57,6472.09,6496.57,15648828
2016-12-21 08:00:00,6508.18,6548.08,6508.18,6547.85,13564976
2016-12-21 10:00:00,6547.65,6549.46,6525.23,6531.23,22294192
2016-12-21 12:00:00,6531.25,6536.54,6528.22,6532.37,11303616
2016-12-21 14:00:00,6532.02,6544.35,6520.82,6544.35,16477796
2016-12-22 08:00:00,6548.19,6549.83,6522.52,6525.18,13303702
2016-12-22 10:00:00,6524.99,6529.61,6510.59,6527.9,19195126
2016-12-22 12:00:00,6529.24,6544.92,6522.71,6544.11,10886352
2016-12-22 14:00:00,6544.95,6557.58,6541.09,6543.94,16212988
2016-12-23 08:00:00,6549.28,6553.88,6540.91,6544.74,12326349
2016-12-23 10:00:00,6544.58,6548.89,6522.23,6524.55,18175651
2016-12-23 12:00:00,6524.88,6526.57,6502.74,6503.1,10576672
2016-12-23 14:00:00,6502.74,6515.23,6493.4,6497.71,14292848
2016-12-26 08:00:00,6479.57,6479.57,6403.11,6433.98,13508892
2016-12-26 10:00:00,6434.12,6449.62,6414.24,6447.2,16537628
2016-12-26 12:00:00,6447.2,6475.37,6441.7,6474.78,7655052
2016-12-26 14:00:00,6475.89,6521.26,6472.98,6521.26,16434428
2016-12-27 08:00:00,6530.47,6539.42,6519.95,6528.73,10772797
2016-12-27 10:00:00,6529.43,6538.05,6514.25,6531.46,17029293
2016-12-27 12:00:00,6532.99,6534.59,6517.04,6520.0,10102894
2016-12-27 14:00:00,6519.66,6521.45,6507.26,6510.43,14357180
2016-12-28 08:00:00,6512.39,6522.84,6510.98,6514.22,10503587
2016-12-28 10:00:00,6514.15,6514.66,6494.63,6503.53,18295641
2016-12-28 12:00:00,6504.34,6513.51,6498.4,6511.14,9549048
2016-12-28 14:00:00,6510.89,6511.02,6482.38,6492.37,15535384
2016-12-29 08:00:00,6484.94,6488.8,6471.43,6487.88,10493187
2016-12-29 10:00:00,6487.38,6502.52,6466.18,6502.47,17398497
2016-12-29 12:00:00,6505.75,6507.3,6484.81,6486.61,9558776
2016-12-29 14:00:00,6485.89,6489.92,6465.69,6470.37,16204692
2016-12-30 08:00:00,6476.13,6498.03,6476.13,6487.21,9433182
2016-12-30 10:00:00,6486.99,6487.7,6458.39,6465.76,16176096
2016-12-30 12:00:00,6466.78,6489.92,6464.35,6489.4,8877894
2016-12-30 14:00:00,6489.11,6490.31,6462.57,6472.23,16382244
